id, x, y
2, 336.90517010857457, 90.66723137345356
3, 336.90517010857457, 90.66723137345356
1, 336.90517010857457, 90.66723137345356