id,x,y,time
2,663.9745605159806,136.43682824707165,30.0
5,2985.1395794722653,2794.422840096104,30.0